<?xml version="1.0" encoding="utf-8"?><feed xmlns="http://www.w3.org/2005/Atom" ><generator uri="https://jekyllrb.com/" version="3.8.5">Jekyll</generator><link href="http://localhost:4000/feed.xml" rel="self" type="application/atom+xml" /><link href="http://localhost:4000/" rel="alternate" type="text/html" /><updated>2019-08-03T20:00:26+05:30</updated><id>http://localhost:4000/feed.xml</id><entry><title type="html">Hello, world.</title><link href="http://localhost:4000/2019/05/01/hello-world.html" rel="alternate" type="text/html" title="Hello, world." /><published>2019-05-01T00:00:00+05:30</published><updated>2019-05-01T00:00:00+05:30</updated><id>http://localhost:4000/2019/05/01/hello-world</id><content type="html" xml:base="http://localhost:4000/2019/05/01/hello-world.html">&lt;p&gt;The Software Development Group at NISER has been operational since the fall of 2018. The group aims to bring together people from different
disciplines who prefer a code first approach to solving problems.&lt;/p&gt;

&lt;p&gt;We encourage people who have any novel idea that could help the
institution and might be implemented in code, to contact the SDG. On our own,
we had initiated certain projects, like the &lt;a href=&quot;https://github.com/sdgniser/arc&quot;&gt;NISER
Archive&lt;/a&gt; and a &lt;a href=&quot;https://github.com/sdgniser/timetable&quot;&gt;timetable
generator&lt;/a&gt;, which are nearly complete
now.&lt;/p&gt;

&lt;p&gt;NISER SDG can be contacted via email at &lt;a href=&quot;&quot;&gt;sdg [at] niser [dot] ac [dot] in&lt;/a&gt;. You may &lt;a href=&quot;https://github.com/sdgniser&quot;&gt;follow us on
GitHub&lt;/a&gt;, or
&lt;a href=&quot;/feed.xml&quot;&gt;subscribe to our blog via RSS&lt;/a&gt;.&lt;/p&gt;</content><author><name>ayush</name></author><summary type="html">The Software Development Group at NISER has been operational since the fall of 2018. The group aims to bring together people from different disciplines who prefer a code first approach to solving problems.</summary></entry></feed>